"content_resource_id","chapter_number","section_number","zybook_id","parts"
631707,1,3,19,2
631713,1,3,19,1
631717,1,3,19,2
631743,1,4,19,1
631845,1,11,19,2
631991,2,1,19,4
632011,2,2,19,8
632015,2,2,19,3
632017,2,2,19,4
632043,2,4,19,5
632051,2,4,19,4
632055,2,4,19,8
632063,2,4,19,4
632082,2,6,19,3
632086,2,6,19,5
632149,2,7,19,1
632160,2,7,19,1
632174,2,8,19,3
632176,2,8,19,1
632180,2,8,19,3
632187,2,8,19,3
632129,2,11,19,4
632131,2,11,19,2
632144,2,12,19,4
632214,2,14,19,3
632225,2,15,19,2
632118,3,1,19,5
633076,3,2,19,5
633088,3,3,19,4
633095,3,3,19,2
633189,3,12,19,2
633207,3,13,19,3
633260,3,18,19,3
633270,3,18,19,3
633307,3,19,19,3
632405,4,1,19,5
632407,4,1,19,3
632411,4,1,19,2
632415,4,1,19,3
632424,4,2,19,9
632429,4,2,19,2
632450,4,3,19,3
632452,4,3,19,1
632456,4,3,19,4
632458,4,3,19,5
632466,4,3,19,2
632481,4,4,19,6
632522,4,5,19,2
632502,4,6,19,3
632511,4,6,19,5
632535,4,7,19,1
632548,4,9,19,5
632552,4,9,19,7
632610,5,2,19,3
632614,5,2,19,5
632620,5,2,19,5
632632,5,3,19,4
632636,5,3,19,4
632647,5,4,19,3
632656,5,4,19,4
632665,5,4,19,2
632676,5,5,19,5
632702,5,6,19,2
632704,5,6,19,2
632729,5,8,19,2
632755,5,10,19,4
632778,6,1,19,6
632795,6,2,19,5
632865,6,4,19,3
632905,6,5,19,2
633020,6,8,19,4
633031,6,9,19,2
633054,6,11,19,7
633064,6,11,19,7
633071,6,12,19,7
632818,6,13,19,4
632834,6,14,19,2
632840,6,14,19,3
632929,6,17,19,6
632947,6,18,19,3
632970,6,19,19,1
634116,7,3,19,3
634113,7,6,19,2
634087,7,7,19,4
633640,8,2,19,4
633646,8,2,19,11
633724,8,7,19,3
633715,8,8,19,2
633592,8,9,19,7
633604,8,10,19,2
633606,8,10,19,2
633611,8,11,19,3
633748,8,14,19,6
633932,9,1,19,4
633936,9,1,19,3
633950,9,2,19,4
633967,9,3,19,4
633980,9,4,19,4
634020,9,9,19,3
634042,9,11,19,2
634179,11,2,19,3
634192,11,3,19,2
652117,14,4,19,1
652123,14,4,19,1
652127,14,4,19,1
652142,14,5,19,1
652148,14,5,19,2
645008,15,1,19,2
645021,15,2,19,8
645025,15,2,19,3
645041,15,3,19,2
645055,15,5,19,5
645060,15,5,19,1
645071,15,6,19,4
645079,15,6,19,4
645084,15,6,19,10
645086,15,6,19,2
645112,15,8,19,1
645124,15,8,19,2
664477,16,1,19,3
664488,16,1,19,2
664497,16,2,19,9
664502,16,2,19,7
664504,16,2,19,2
664508,16,2,19,2
664521,16,3,19,3
664533,16,3,19,2
664548,16,4,19,6
664573,16,5,19,4
664583,16,6,19,1
664598,16,7,19,3
673269,17,2,19,3
673273,17,2,19,4
673282,17,2,19,4
673292,17,3,19,4
673299,17,3,19,2
673311,17,4,19,2
673313,17,4,19,3
673322,17,4,19,4
673331,17,4,19,2
673348,17,5,19,3
673354,17,5,19,3
673368,17,6,19,4
673384,17,8,19,4
673405,17,10,19,2
673432,17,12,19,1
645795,18,1,19,2
645806,18,1,19,3
645810,18,1,19,2
645826,18,2,19,4
645872,18,4,19,2
645878,18,4,19,1
645885,18,5,19,3
633138,19,2,19,3
633142,19,2,19,3
632569,19,3,19,4
632589,19,4,19,5
633691,19,7,19,1
136339,1,3,45,2
136345,1,3,45,1
136349,1,3,45,2
136372,1,4,45,2
136470,1,11,45,2
136479,2,1,45,4
136498,2,2,45,8
136502,2,2,45,3
136504,2,2,45,4
136521,2,4,45,5
136529,2,4,45,4
136533,2,4,45,8
136541,2,4,45,4
136553,2,5,45,3
136557,2,5,45,5
136588,2,8,45,5
136597,2,9,45,4
136599,2,9,45,2
136613,2,10,45,4
136618,2,11,45,1
136629,2,11,45,1
136642,2,12,45,3
136644,2,12,45,2
136648,2,12,45,2
136655,2,12,45,3
136682,2,15,45,3
136693,2,16,45,2
136704,2,17,45,8
136710,2,17,45,3
136747,3,1,45,5
136749,3,1,45,3
136753,3,1,45,2
136757,3,1,45,3
136766,3,2,45,9
136771,3,2,45,2
136793,3,3,45,3
136795,3,3,45,1
136799,3,3,45,4
136801,3,3,45,5
136809,3,3,45,2
136827,3,4,45,6
136850,3,5,45,3
136859,3,5,45,5
136872,3,6,45,2
136887,3,7,45,1
136902,3,8,45,5
136908,3,8,45,3
136937,3,10,45,5
137030,4,2,45,3
137034,4,2,45,5
137040,4,2,45,5
137054,4,3,45,4
137058,4,3,45,4
137069,4,4,45,3
137078,4,4,45,4
137087,4,4,45,2
137100,4,5,45,5
137128,4,6,45,2
137130,4,6,45,2
137157,4,8,45,2
137178,4,10,45,4
137201,5,1,45,6
137218,5,2,45,5
137232,5,4,45,3
137257,5,5,45,2
137271,5,6,45,1
137303,5,9,45,4
137314,5,10,45,2
137337,5,12,45,7
137347,5,12,45,7
137356,5,13,45,7
137361,5,14,45,3
137366,6,1,45,5
137380,6,2,45,4
137387,6,2,45,2
137433,6,5,45,3
137437,6,5,45,3
137484,6,9,45,4
137537,6,13,45,3
137547,6,13,45,3
137584,6,18,45,3
137707,7,1,45,7
137715,7,2,45,2
137717,7,2,45,2
137722,7,3,45,3
137864,8,1,45,2
137882,8,2,45,4
137898,8,3,45,3
137905,8,4,45,5
137916,8,5,45,4
137923,8,6,45,3
137931,8,6,45,2
137940,8,7,45,2
137957,8,8,45,8
137968,8,9,45,2
138211,9,1,45,4
138216,9,2,45,3
138225,9,3,45,3
138231,9,3,45,3
138237,9,3,45,4
138244,9,4,45,2
138251,9,4,45,2
138259,9,4,45,3
138272,9,5,45,4
138289,9,6,45,3
138294,9,7,45,2
138320,10,2,45,3
138331,10,3,45,2
345851,1,3,47,2
345857,1,3,47,1
345861,1,3,47,2
345884,1,4,47,1
345982,1,11,47,2
345984,1,11,47,1
353965,2,1,47,4
353984,2,2,47,8
353988,2,2,47,3
353990,2,2,47,4
354013,2,4,47,5
354021,2,4,47,4
354025,2,4,47,8
354033,2,4,47,4
354049,2,5,47,3
354053,2,5,47,5
354084,2,8,47,5
354093,2,9,47,4
354095,2,9,47,2
354109,2,10,47,4
354114,2,11,47,1
354125,2,11,47,1
354136,2,12,47,3
354138,2,12,47,1
354142,2,12,47,3
354149,2,12,47,3
354179,2,15,47,2
290231,3,1,47,5
290233,3,1,47,3
290237,3,1,47,2
290241,3,1,47,3
290249,3,2,47,9
290271,3,3,47,3
290273,3,3,47,1
290277,3,3,47,4
290279,3,3,47,5
290287,3,3,47,2
290302,3,4,47,6
290323,3,5,47,3
290332,3,5,47,5
290343,3,6,47,2
290357,3,7,47,1
290370,3,8,47,4
290374,3,8,47,7
290390,3,9,47,3
290408,3,11,47,5
307361,4,2,47,3
307365,4,2,47,5
307371,4,2,47,4
307383,4,3,47,4
307387,4,3,47,4
307397,4,4,47,3
307406,4,4,47,4
307415,4,4,47,2
307426,4,5,47,5
307452,4,6,47,2
307454,4,6,47,2
307479,4,8,47,2
307500,4,10,47,3
64121,5,1,47,6
64140,5,2,47,5
64154,5,4,47,3
64175,5,5,47,2
64188,5,6,47,1
64220,5,9,47,4
64230,5,10,47,2
126366,6,1,47,5
126378,6,2,47,4
126385,6,2,47,2
126427,6,5,47,3
126431,6,5,47,3
126504,6,13,47,3
126514,6,13,47,3
205738,7,2,47,4
205744,7,2,47,8
205746,7,2,47,2
205761,7,4,47,2
205782,7,7,47,2
205797,7,8,47,2
205815,7,10,47,3
205825,7,10,47,2
205831,7,10,47,2
205847,7,11,47,4
205855,7,12,47,3
205873,7,14,47,6
205892,7,16,47,3
225868,8,1,47,2
208049,9,2,47,3
208064,9,3,47,3
208070,9,3,47,3
208076,9,3,47,4
208085,9,4,47,3
208103,9,6,47,2
219727,10,1,47,2
209388,11,2,47,3
209399,11,3,47,2
210106,12,4,47,5
226112,14,1,47,4
226125,14,2,47,3
226136,14,3,47,5
226152,14,4,47,3
226161,14,5,47,2
226168,14,6,47,4
226186,14,8,47,4
136339,1,3,49,2
136345,1,3,49,1
136349,1,3,49,2
136372,1,4,49,2
136470,1,11,49,2
136479,2,1,49,4
136498,2,2,49,8
136502,2,2,49,3
136504,2,2,49,4
136521,2,4,49,5
136529,2,4,49,4
136533,2,4,49,8
136541,2,4,49,4
136553,2,5,49,3
136557,2,5,49,5
136704,2,6,49,8
136710,2,6,49,3
136588,2,9,49,5
136597,2,10,49,4
136599,2,10,49,2
136613,2,11,49,4
136618,2,12,49,1
136629,2,12,49,1
136682,2,15,49,3
136693,2,16,49,2
136747,3,1,49,5
136749,3,1,49,3
136753,3,1,49,2
136757,3,1,49,3
136766,3,2,49,9
136771,3,2,49,2
136793,3,3,49,3
136795,3,3,49,1
136799,3,3,49,4
136801,3,3,49,5
136809,3,3,49,2
136827,3,4,49,6
136850,3,5,49,3
136859,3,5,49,5
136872,3,6,49,2
136937,3,7,49,5
137030,4,2,49,3
137034,4,2,49,5
137040,4,2,49,5
137054,4,3,49,4
137058,4,3,49,4
137069,4,4,49,3
137078,4,4,49,4
137087,4,4,49,2
137100,4,5,49,5
137128,4,6,49,2
137130,4,6,49,2
137157,4,8,49,2
137178,4,10,49,4
137201,5,1,49,6
137218,5,2,49,5
137232,5,4,49,3
137257,5,5,49,2
137271,5,6,49,1
137303,5,9,49,4
137314,5,10,49,2
136642,5,11,49,3
136644,5,11,49,2
136648,5,11,49,2
136655,5,11,49,3
136887,5,13,49,1
136902,5,14,49,5
136908,5,14,49,3
137337,5,17,49,7
137347,5,17,49,7
137356,5,18,49,7
137361,5,19,49,3
137366,6,1,49,5
137380,6,2,49,4
137387,6,2,49,2
137433,6,5,49,3
137437,6,5,49,3
137484,6,9,49,4
137707,7,1,49,7
137715,7,2,49,2
137717,7,2,49,2
137722,7,3,49,3
138211,8,1,49,4
138216,8,2,49,3
138225,8,3,49,3
138231,8,3,49,3
138237,8,3,49,4
138244,8,4,49,2
138251,8,4,49,2
138259,8,4,49,3
138272,8,5,49,4
138289,8,6,49,3
138320,9,2,49,3
138331,9,3,49,2
137864,10,1,49,2
137882,10,2,49,4
137898,10,3,49,3
137905,10,4,49,5
137916,10,5,49,4
137923,10,6,49,3
137931,10,6,49,2
137940,10,7,49,2
137957,10,8,49,8
137968,10,9,49,2
137537,11,1,49,3
137547,11,1,49,3
137584,11,3,49,3
138294,11,4,49,2
17205,1,2,65,2
21071,2,3,65,2
20944,3,1,65,4
20958,3,2,65,3
20969,3,3,65,4
20974,3,4,65,2
20980,3,4,65,3
20988,3,4,65,2
20998,3,4,65,4
25603,5,1,65,4
25620,5,2,65,3
25627,5,2,65,5
24094,6,1,65,3
24100,6,1,65,3
24106,6,1,65,2
42868,6,2,65,3
24181,6,4,65,2
24195,6,4,65,2
24222,6,5,65,3
23679,7,1,65,3
23683,7,1,65,2
23706,7,2,65,2
24260,8,1,65,5
24264,8,1,65,3
24284,8,1,65,1
24328,8,3,65,5
24335,8,3,65,4
24353,8,4,65,3
24362,8,4,65,3
24383,8,4,65,4
24396,8,5,65,3
24411,8,6,65,5
20506,9,2,65,3
20514,9,2,65,4
20521,9,3,65,3
20535,9,3,65,3
20603,9,6,65,2
22701,10,1,65,2
22710,10,1,65,1
22721,10,2,65,3
22729,10,2,65,2
22735,10,2,65,1
22739,10,2,65,2
22775,10,4,65,2
22793,10,4,65,3
22543,11,1,65,1
22581,11,3,65,3
22635,11,6,65,3
22641,11,6,65,5
22650,11,7,65,2
22658,11,7,65,2
22678,11,8,65,1
24592,12,1,65,6
24705,12,3,65,5
24722,12,4,65,3
24737,12,4,65,2
24743,12,4,65,2
24747,12,4,65,3
24774,12,5,65,4
24789,12,5,65,3
22985,13,1,65,3
22996,13,1,65,5
23008,13,2,65,3
23020,13,2,65,2
23035,13,3,65,6
23043,13,3,65,3
23093,13,5,65,4
23108,13,6,65,2
17205,1,2,70,2
21071,2,3,70,2
20944,3,1,70,4
20958,3,2,70,3
20969,3,3,70,4
20974,3,4,70,2
20980,3,4,70,3
20988,3,4,70,2
20998,3,4,70,4
25603,5,1,70,4
25620,5,2,70,3
25627,5,2,70,5
24094,6,1,70,3
24100,6,1,70,3
24106,6,1,70,2
42868,6,2,70,3
24181,6,4,70,2
24195,6,4,70,2
24222,6,5,70,3
23679,7,1,70,3
23683,7,1,70,2
23706,7,2,70,2
24260,8,1,70,5
24264,8,1,70,3
24284,8,1,70,1
24328,8,3,70,5
24335,8,3,70,4
24353,8,4,70,3
24362,8,4,70,3
24383,8,4,70,4
24396,8,5,70,3
24411,8,6,70,5
20506,9,2,70,3
20514,9,2,70,4
20521,9,3,70,3
20535,9,3,70,3
20603,9,6,70,2
22701,10,1,70,2
22710,10,1,70,1
22721,10,2,70,3
22729,10,2,70,2
22735,10,2,70,1
22739,10,2,70,2
22775,10,4,70,2
22793,10,4,70,3
22543,11,1,70,1
22581,11,3,70,3
22635,11,6,70,3
22641,11,6,70,5
22650,11,7,70,2
22658,11,7,70,2
22678,11,8,70,1
24592,12,1,70,6
24705,12,3,70,5
24722,12,4,70,3
24737,12,4,70,2
24743,12,4,70,2
24747,12,4,70,3
24774,12,5,70,4
24789,12,5,70,3
22985,13,1,70,3
22996,13,1,70,5
23008,13,2,70,3
23020,13,2,70,2
23035,13,3,70,6
23043,13,3,70,3
23093,13,5,70,4
23108,13,6,70,2
17205,1,2,71,2
21071,2,3,71,2
20944,3,1,71,4
20958,3,2,71,3
20969,3,3,71,4
20974,3,4,71,2
20980,3,4,71,3
20988,3,4,71,2
20998,3,4,71,4
25603,5,1,71,4
25620,5,2,71,3
25627,5,2,71,5
24094,6,1,71,3
24100,6,1,71,3
24106,6,1,71,2
42868,6,2,71,3
24181,6,4,71,2
24195,6,4,71,2
24222,6,5,71,3
23679,7,1,71,3
23683,7,1,71,2
23706,7,2,71,2
24260,8,1,71,5
24264,8,1,71,3
24284,8,1,71,1
24328,8,3,71,5
24335,8,3,71,4
24353,8,4,71,3
24362,8,4,71,3
24383,8,4,71,4
24396,8,5,71,3
24411,8,6,71,5
20506,9,2,71,3
20514,9,2,71,4
20521,9,3,71,3
20535,9,3,71,3
20603,9,6,71,2
22701,10,1,71,2
22710,10,1,71,1
22721,10,2,71,3
22729,10,2,71,2
22735,10,2,71,1
22739,10,2,71,2
22775,10,4,71,2
22793,10,4,71,3
22543,11,1,71,1
22581,11,3,71,3
22635,11,6,71,3
22641,11,6,71,5
22650,11,7,71,2
22658,11,7,71,2
22678,11,8,71,1
24592,12,1,71,6
24705,12,3,71,5
24722,12,4,71,3
24737,12,4,71,2
24743,12,4,71,2
24747,12,4,71,3
24774,12,5,71,4
24789,12,5,71,3
22985,13,1,71,3
22996,13,1,71,5
23008,13,2,71,3
23020,13,2,71,2
23035,13,3,71,6
23043,13,3,71,3
23093,13,5,71,4
23108,13,6,71,2
20974,1,1,72,2
20980,1,1,72,3
20988,1,1,72,2
20998,1,1,72,4
23679,1,4,72,3
23683,1,4,72,2
23706,1,5,72,2
25603,2,1,72,4
25620,2,2,72,3
25627,2,2,72,5
24181,2,7,72,2
24195,2,7,72,2
24592,3,1,72,6
24705,3,3,72,5
24722,3,4,72,3
24737,3,4,72,2
24743,3,4,72,2
24747,3,4,72,3
22985,3,5,72,3
22996,3,5,72,5
23008,3,6,72,3
23020,3,6,72,2
23035,3,7,72,6
23043,3,7,72,3
23093,3,9,72,4
23108,3,10,72,2
17205,4,2,72,2
21071,5,3,72,2
20944,6,1,72,4
20958,6,2,72,3
20969,6,3,72,4
24094,9,1,72,3
24100,9,1,72,3
24106,9,1,72,2
42868,9,2,72,3
24222,9,4,72,3
24260,11,1,72,5
24264,11,1,72,3
24284,11,1,72,1
24328,11,3,72,5
24335,11,3,72,4
24353,11,4,72,3
24362,11,4,72,3
24383,11,4,72,4
24396,11,5,72,3
24411,11,6,72,5
20506,12,2,72,3
20514,12,2,72,4
20521,12,3,72,3
20535,12,3,72,3
20603,12,6,72,2
22701,13,1,72,2
22710,13,1,72,1
22721,13,2,72,3
22729,13,2,72,2
22735,13,2,72,1
22739,13,2,72,2
22775,13,4,72,2
22793,13,4,72,3
22543,14,1,72,1
22581,14,3,72,3
22635,14,6,72,3
22641,14,6,72,5
22650,14,7,72,2
22658,14,7,72,2
22678,14,8,72,1
24774,15,1,72,4
24789,15,1,72,3
631707,1,3,76,2
631713,1,3,76,1
631717,1,3,76,2
631743,1,4,76,1
631845,1,11,76,2
631991,2,1,76,4
632011,2,2,76,8
632015,2,2,76,3
632017,2,2,76,4
632043,2,4,76,5
632051,2,4,76,4
632055,2,4,76,8
632063,2,4,76,4
632082,2,5,76,3
632086,2,5,76,5
632118,2,8,76,5
632129,2,9,76,4
632131,2,9,76,2
632144,2,10,76,4
632149,2,11,76,1
632160,2,11,76,1
632174,2,12,76,3
632176,2,12,76,1
632180,2,12,76,3
632187,2,12,76,3
632214,2,15,76,3
632225,2,16,76,2
632405,3,1,76,5
632407,3,1,76,3
632411,3,1,76,2
632415,3,1,76,3
632424,3,2,76,9
632429,3,2,76,2
632450,3,3,76,3
632452,3,3,76,1
632456,3,3,76,4
632458,3,3,76,5
632466,3,3,76,2
632481,3,4,76,6
632502,3,5,76,3
632511,3,5,76,5
632522,3,6,76,2
632535,3,7,76,1
632548,3,8,76,5
632552,3,8,76,7
632569,3,9,76,4
632589,3,11,76,5
632610,4,2,76,3
632614,4,2,76,5
632620,4,2,76,5
632632,4,3,76,4
632636,4,3,76,4
632647,4,4,76,3
632656,4,4,76,4
632665,4,4,76,2
632676,4,5,76,5
632702,4,6,76,2
632704,4,6,76,2
632729,4,8,76,2
632755,4,10,76,4
632778,5,1,76,6
632818,5,2,76,4
632834,5,4,76,2
632840,5,4,76,3
632929,5,7,76,6
632947,5,8,76,3
632970,5,9,76,1
633020,5,12,76,4
633031,5,13,76,2
633054,5,15,76,7
633064,5,15,76,7
633071,5,16,76,7
633076,6,1,76,5
633088,6,2,76,4
633095,6,2,76,2
633138,6,5,76,3
633142,6,5,76,3
633189,6,9,76,2
633207,6,10,76,3
633260,6,15,76,3
633270,6,15,76,3
633640,7,2,76,4
633646,7,2,76,11
633691,7,7,76,1
633715,7,9,76,2
633724,7,10,76,3
633748,7,12,76,6
633932,8,1,76,4
633936,8,1,76,3
633950,8,2,76,4
633967,8,3,76,4
633980,8,4,76,4
634020,8,9,76,3
634042,8,11,76,2
634087,9,4,76,4
634113,9,6,76,2
634116,9,7,76,3
634127,10,1,76,2
634179,11,2,76,3
634192,11,3,76,2
632795,14,1,76,5
632865,14,2,76,3
632905,14,3,76,2
633592,14,6,76,7
633604,14,7,76,2
633606,14,7,76,2
633611,14,8,76,3
633307,14,11,76,3
652483,1,5,82,1
652489,1,5,82,1
652493,1,5,82,1
652508,1,6,82,1
652514,1,6,82,2
654037,2,1,82,2
654050,2,2,82,8
654054,2,2,82,3
654070,2,3,82,2
654084,2,5,82,5
654089,2,5,82,1
654100,2,6,82,4
654108,2,6,82,4
654113,2,6,82,8
654115,2,6,82,4
654141,2,8,82,1
654153,2,8,82,2
657660,3,1,82,2
657667,3,1,82,3
657687,3,2,82,2
657693,3,2,82,2
657697,3,2,82,4
657706,3,2,82,3
657710,3,2,82,1
657763,3,6,82,2
657765,3,6,82,3
657779,3,7,82,5
664894,4,1,82,3
664905,4,1,82,2
664914,4,2,82,9
664919,4,2,82,7
664921,4,2,82,2
664925,4,2,82,2
664938,4,3,82,3
664950,4,3,82,2
664965,4,4,82,6
664990,4,5,82,4
665000,4,6,82,1
665015,4,7,82,3
673090,5,2,82,3
673094,5,2,82,4
673103,5,2,82,4
673113,5,3,82,4
673120,5,3,82,2
673132,5,4,82,2
673134,5,4,82,3
673143,5,4,82,4
673152,5,4,82,2
673167,5,5,82,3
673173,5,5,82,3
673187,5,6,82,4
673203,5,8,82,4
673224,5,10,82,2
673251,5,12,82,1
677290,6,2,82,4
677297,6,3,82,3
677307,6,3,82,5
677327,6,5,82,4
677338,6,5,82,2
677355,6,6,82,3
677376,6,7,82,1
677396,6,8,82,5
677398,6,8,82,3
677404,6,8,82,2
677419,6,9,82,2
675989,7,1,82,4
676001,7,2,82,4
676008,7,2,82,2
676017,7,3,82,2
676045,7,6,82,4
676050,7,6,82,1
676128,7,13,82,2
676136,7,13,82,4
676143,7,13,82,3
676154,7,14,82,2
678499,8,2,82,3
678508,8,3,82,3
678515,8,3,82,2
678543,8,6,82,2
678573,8,8,82,4
678586,8,9,82,2
649430,9,2,82,3
657720,10,1,82,1
657788,10,2,82,2
677452,10,4,82,2
677464,10,5,82,3
677428,10,7,82,2
648677,10,9,82,2
648688,10,9,82,3
648692,10,9,82,2
648708,10,10,82,4
648754,10,12,82,2
648760,10,12,82,1
648767,10,13,82,3
649103,10,14,82,3
649113,10,14,82,3
649130,10,16,82,3
649159,10,19,82,4
649166,10,20,82,3
649186,10,21,82,3
649199,10,22,82,3
649215,10,23,82,4
649227,10,23,82,2
649232,10,24,82,2
649250,10,26,82,2
678896,10,27,82,2
678912,10,29,82,4
678939,10,32,82,3
649322,10,33,82,3
649311,10,34,82,3
649349,10,37,82,2
649362,10,38,82,2
631707,1,3,90,2
631713,1,3,90,1
631717,1,3,90,2
631743,1,4,90,1
631845,1,11,90,2
631991,2,1,90,4
632011,2,2,90,8
632015,2,2,90,3
632017,2,2,90,4
632043,2,4,90,5
632051,2,4,90,4
632055,2,4,90,8
632063,2,4,90,4
632082,2,5,90,3
632086,2,5,90,5
632118,2,8,90,5
632129,2,9,90,4
632131,2,9,90,2
632144,2,10,90,4
632149,2,11,90,1
632160,2,11,90,1
632174,2,12,90,3
632176,2,12,90,1
632180,2,12,90,3
632187,2,12,90,3
632214,2,15,90,3
632225,2,16,90,2
632405,3,1,90,5
632407,3,1,90,3
632411,3,1,90,2
632415,3,1,90,3
632424,3,2,90,9
632429,3,2,90,2
632450,3,3,90,3
632452,3,3,90,1
632456,3,3,90,4
632458,3,3,90,5
632466,3,3,90,2
632481,3,4,90,6
632502,3,5,90,3
632511,3,5,90,5
632522,3,6,90,2
632535,3,7,90,1
632548,3,8,90,5
632552,3,8,90,7
632569,3,9,90,4
632589,3,11,90,5
632610,4,2,90,3
632614,4,2,90,5
632620,4,2,90,5
632632,4,3,90,4
632636,4,3,90,4
632647,4,4,90,3
632656,4,4,90,4
632665,4,4,90,2
632676,4,5,90,5
632702,4,6,90,2
632704,4,6,90,2
632729,4,8,90,2
632755,4,10,90,4
632778,5,1,90,6
632795,5,2,90,5
632818,5,3,90,4
632834,5,5,90,2
632840,5,5,90,3
632865,5,6,90,3
632905,5,8,90,2
632929,5,10,90,6
632947,5,11,90,3
632970,5,12,90,1
633020,5,17,90,4
633031,5,18,90,2
633054,5,20,90,7
633064,5,20,90,7
633071,5,21,90,7
633076,6,1,90,5
633088,6,2,90,4
633095,6,2,90,2
633138,6,5,90,3
633142,6,5,90,3
633189,6,9,90,2
633207,6,10,90,3
633260,6,15,90,3
633270,6,15,90,3
633307,6,20,90,3
633592,7,1,90,7
633604,7,2,90,2
633606,7,2,90,2
633611,7,3,90,3
633640,7,6,90,4
633646,7,6,90,11
633691,7,11,90,1
633715,7,13,90,2
633724,7,14,90,3
633748,7,16,90,6
633932,8,1,90,4
633936,8,1,90,3
633950,8,2,90,4
633967,8,3,90,4
633980,8,4,90,4
634020,8,9,90,3
634042,8,11,90,2
634087,9,4,90,4
634113,9,6,90,2
634116,9,7,90,3
634127,10,1,90,2
634179,11,2,90,3
634192,11,3,90,2
62606,14,2,90,3
62617,14,3,90,3
62626,14,4,90,4
62831,15,4,90,3
62838,15,5,90,4
62845,15,6,90,2
62865,16,4,90,2
17205,1,2,100,2
21071,2,3,100,2
20944,3,1,100,4
20958,3,2,100,3
20969,3,3,100,4
20974,3,4,100,2
20980,3,4,100,3
20988,3,4,100,2
20998,3,4,100,4
25603,5,1,100,4
25620,5,2,100,3
25627,5,2,100,5
24094,6,1,100,3
24100,6,1,100,3
24106,6,1,100,2
42868,6,2,100,3
24181,6,4,100,2
24195,6,4,100,2
24222,6,5,100,3
23679,7,1,100,3
23683,7,1,100,2
23706,7,2,100,2
24260,8,1,100,5
24264,8,1,100,3
24284,8,1,100,1
24328,8,3,100,5
24335,8,3,100,4
24353,8,4,100,3
24362,8,4,100,3
24383,8,4,100,4
24396,8,5,100,3
24411,8,6,100,5
20506,9,2,100,3
20514,9,2,100,4
20521,9,3,100,3
20535,9,3,100,3
20603,9,6,100,2
22701,10,1,100,2
22710,10,1,100,1
22721,10,2,100,3
22729,10,2,100,2
22735,10,2,100,1
22739,10,2,100,2
22775,10,4,100,2
22793,10,4,100,3
22543,11,1,100,1
22581,11,3,100,3
22635,11,6,100,3
22641,11,6,100,5
22650,11,7,100,2
22658,11,7,100,2
22678,11,8,100,1
24592,12,1,100,6
24705,12,3,100,5
24722,12,4,100,3
24737,12,4,100,2
24743,12,4,100,2
24747,12,4,100,3
24774,12,5,100,4
24789,12,5,100,3
22985,13,1,100,3
22996,13,1,100,5
23008,13,2,100,3
23020,13,2,100,2
23035,13,3,100,6
23043,13,3,100,3
23093,13,5,100,4
23108,13,6,100,2
681869,1,3,101,2
681875,1,3,101,1
681879,1,3,101,2
681905,1,4,101,2
682007,1,11,101,2
650222,2,1,101,4
650242,2,2,101,8
650246,2,2,101,3
650248,2,2,101,4
650274,2,4,101,5
650282,2,4,101,4
650286,2,4,101,8
650294,2,4,101,4
650315,2,5,101,3
650319,2,5,101,5
650352,2,8,101,5
650363,2,9,101,4
650365,2,9,101,2
650379,2,10,101,4
650384,2,11,101,1
650395,2,11,101,1
650409,2,12,101,3
650411,2,12,101,2
650415,2,12,101,2
650422,2,12,101,3
650450,2,15,101,3
650461,2,16,101,2
650474,2,17,101,8
650480,2,17,101,3
651059,3,1,101,5
651061,3,1,101,3
651065,3,1,101,2
651069,3,1,101,3
651078,3,2,101,9
651083,3,2,101,2
651104,3,3,101,3
651106,3,3,101,1
651110,3,3,101,4
651112,3,3,101,5
651120,3,3,101,2
651135,3,4,101,6
651156,3,5,101,3
651165,3,5,101,5
651176,3,6,101,2
651191,3,7,101,1
651204,3,8,101,5
651210,3,8,101,3
651234,3,10,101,5
651424,4,2,101,3
651428,4,2,101,5
651434,4,2,101,5
651446,4,3,101,4
651450,4,3,101,4
651461,4,4,101,3
651470,4,4,101,4
651479,4,4,101,2
651490,4,5,101,5
651516,4,6,101,2
651518,4,6,101,2
651543,4,8,101,2
651567,4,10,101,4
689940,5,1,101,6
689957,5,2,101,5
689975,5,4,101,3
690003,5,5,101,2
690018,5,6,101,1
690050,5,9,101,4
690061,5,10,101,2
690084,5,12,101,7
690094,5,12,101,7
690103,5,13,101,7
690108,5,14,101,3
647759,6,1,101,5
647771,6,2,101,4
647778,6,2,101,2
647821,6,5,101,3
647825,6,5,101,3
647872,6,9,101,4
647923,6,13,101,3
647933,6,13,101,3
647970,6,18,101,3
681760,7,1,101,7
681774,7,2,101,2
681776,7,2,101,2
681781,7,3,101,3
667988,8,1,101,2
668006,8,2,101,4
668021,8,3,101,3
668030,8,4,101,5
668041,8,5,101,4
668052,8,6,101,3
668060,8,6,101,2
668069,8,7,101,2
668086,8,8,101,8
668099,8,9,101,2
650122,9,1,101,4
650127,9,2,101,3
650136,9,3,101,3
650142,9,3,101,3
650148,9,3,101,4
650159,9,4,101,2
650166,9,4,101,2
650174,9,4,101,3
650191,9,5,101,4
650208,9,6,101,3
650213,9,7,101,2
691868,10,2,101,3
691881,10,3,101,2
17205,1,2,105,2
21071,2,3,105,2
20944,3,1,105,4
20958,3,2,105,3
20969,3,3,105,4
20974,3,4,105,2
20980,3,4,105,3
20988,3,4,105,2
20998,3,4,105,4
25603,5,1,105,4
25620,5,2,105,3
25627,5,2,105,5
24094,6,1,105,3
24100,6,1,105,3
24106,6,1,105,2
42868,6,2,105,3
24181,6,4,105,2
24195,6,4,105,2
24222,6,5,105,3
23679,7,1,105,3
23683,7,1,105,2
23706,7,2,105,2
24260,8,1,105,5
24264,8,1,105,3
24284,8,1,105,1
24328,8,3,105,5
24335,8,3,105,4
24353,8,4,105,3
24362,8,4,105,3
24383,8,4,105,4
24396,8,5,105,3
24411,8,6,105,5
20506,9,2,105,3
20514,9,2,105,4
20521,9,3,105,3
20535,9,3,105,3
20603,9,6,105,2
22701,10,1,105,2
22710,10,1,105,1
22721,10,2,105,3
22729,10,2,105,2
22735,10,2,105,1
22739,10,2,105,2
22775,10,4,105,2
22793,10,4,105,3
22543,11,1,105,1
22581,11,3,105,3
22635,11,6,105,3
22641,11,6,105,5
22650,11,7,105,2
22658,11,7,105,2
22678,11,8,105,1
24592,12,1,105,6
24705,12,3,105,5
24722,12,4,105,3
24737,12,4,105,2
24743,12,4,105,2
24747,12,4,105,3
24774,12,5,105,4
24789,12,5,105,3
22985,13,1,105,3
22996,13,1,105,5
23008,13,2,105,3
23020,13,2,105,2
23035,13,3,105,6
23043,13,3,105,3
23093,13,5,105,4
23108,13,6,105,2
631707,1,3,108,2
631713,1,3,108,1
631717,1,3,108,2
631743,1,4,108,1
631845,1,11,108,2
631991,2,1,108,4
632011,2,2,108,8
632015,2,2,108,3
632017,2,2,108,4
632043,2,4,108,5
632051,2,4,108,4
632055,2,4,108,8
632063,2,4,108,4
632082,2,5,108,3
632086,2,5,108,5
632118,2,8,108,5
632129,2,9,108,4
632131,2,9,108,2
632144,2,10,108,4
632149,2,11,108,1
632160,2,11,108,1
632174,2,12,108,3
632176,2,12,108,1
632180,2,12,108,3
632187,2,12,108,3
632214,2,15,108,3
632225,2,16,108,2
632405,3,1,108,5
632407,3,1,108,3
632411,3,1,108,2
632415,3,1,108,3
632424,3,2,108,9
632429,3,2,108,2
632450,3,3,108,3
632452,3,3,108,1
632456,3,3,108,4
632458,3,3,108,5
632466,3,3,108,2
632481,3,4,108,6
632502,3,5,108,3
632511,3,5,108,5
632522,3,6,108,2
632535,3,7,108,1
632548,3,8,108,5
632552,3,8,108,7
632569,3,9,108,4
632589,3,11,108,5
632610,4,2,108,3
632614,4,2,108,5
632620,4,2,108,5
632632,4,3,108,4
632636,4,3,108,4
632647,4,4,108,3
632656,4,4,108,4
632665,4,4,108,2
632676,4,5,108,5
632702,4,6,108,2
632704,4,6,108,2
632729,4,8,108,2
632755,4,10,108,4
632778,5,1,108,6
632818,5,2,108,4
632834,5,4,108,2
632840,5,4,108,3
632929,5,7,108,6
632947,5,8,108,3
632970,5,9,108,1
633020,5,12,108,4
633031,5,13,108,2
633054,5,15,108,7
633064,5,15,108,7
633071,5,16,108,7
633076,6,1,108,5
633088,6,2,108,4
633095,6,2,108,2
633138,6,5,108,3
633142,6,5,108,3
633189,6,9,108,2
633207,6,10,108,3
633260,6,15,108,3
633270,6,15,108,3
633640,7,2,108,4
633646,7,2,108,11
633691,7,7,108,1
633715,7,9,108,2
633724,7,10,108,3
633748,7,12,108,6
633932,8,1,108,4
633936,8,1,108,3
633950,8,2,108,4
633967,8,3,108,4
633980,8,4,108,4
634020,8,9,108,3
634042,8,11,108,2
634087,9,4,108,4
634113,9,6,108,2
634116,9,7,108,3
634127,10,1,108,2
634179,11,2,108,3
634192,11,3,108,2
632795,14,1,108,5
632865,14,2,108,3
632905,14,3,108,2
633592,14,6,108,7
633604,14,7,108,2
633606,14,7,108,2
633611,14,8,108,3
633307,14,11,108,3
634470,15,3,108,2
634476,15,3,108,1
634480,15,3,108,2
634506,15,4,108,1
690885,15,11,108,2
690887,15,11,108,1
634619,16,1,108,4
634639,16,2,108,8
634643,16,2,108,3
634645,16,2,108,4
688885,16,4,108,5
688893,16,4,108,4
688897,16,4,108,8
688905,16,4,108,4
688924,16,5,108,3
688928,16,5,108,5
688961,16,8,108,5
688972,16,9,108,4
688974,16,9,108,2
688988,16,10,108,4
688993,16,11,108,1
689004,16,11,108,1
689017,16,12,108,3
689019,16,12,108,1
689023,16,12,108,3
689030,16,12,108,3
689061,16,15,108,2
689304,17,1,108,5
689306,17,1,108,3
689310,17,1,108,2
689314,17,1,108,3
689323,17,2,108,9
689347,17,3,108,3
689349,17,3,108,1
689353,17,3,108,4
689355,17,3,108,5
689363,17,3,108,2
689378,17,4,108,6
689399,17,5,108,3
689408,17,5,108,5
689417,17,6,108,2
689432,17,7,108,1
689445,17,8,108,4
689449,17,8,108,7
689466,17,9,108,3
689486,17,11,108,5
682824,18,2,108,3
682828,18,2,108,5
682834,18,2,108,4
682846,18,3,108,4
682850,18,3,108,4
682861,18,4,108,3
682870,18,4,108,4
682879,18,4,108,2
682890,18,5,108,5
682916,18,6,108,2
682918,18,6,108,2
682943,18,8,108,2
682967,18,10,108,3
689806,19,1,108,6
689825,19,2,108,5
689843,19,4,108,3
689869,19,5,108,2
689884,19,6,108,1
689916,19,9,108,4
689927,19,10,108,2
15571,19,11,108,2
667411,20,1,108,5
667423,20,2,108,4
667430,20,2,108,2
667473,20,5,108,3
667477,20,5,108,3
667557,20,13,108,3
667567,20,13,108,3
681389,21,2,108,4
681395,21,2,108,8
681397,21,2,108,2
681418,21,4,108,2
681448,21,7,108,2
681463,21,8,108,2
681484,21,10,108,3
681494,21,10,108,2
681500,21,10,108,2
681516,21,11,108,4
681524,21,12,108,3
681542,21,14,108,6
681561,21,16,108,3
15919,21,17,108,3
679296,22,1,108,2
687595,23,2,108,3
687610,23,3,108,3
687616,23,3,108,3
687622,23,3,108,4
687633,23,4,108,3
687655,23,6,108,2
16030,23,7,108,2
692282,24,1,108,2
691951,25,2,108,3
691964,25,3,108,2
637837,26,4,108,5
637880,28,1,108,4
637893,28,2,108,3
637904,28,3,108,5
637920,28,4,108,3
637929,28,5,108,2
637936,28,6,108,4
637954,28,8,108,4
62606,29,2,108,3
62617,29,3,108,3
62626,29,4,108,4
62831,30,4,108,3
62838,30,5,108,4
62845,30,6,108,2
62865,31,4,108,2
652483,1,5,110,1
652489,1,5,110,1
652493,1,5,110,1
652508,1,6,110,1
652514,1,6,110,2
654037,2,1,110,2
654050,2,2,110,8
654054,2,2,110,3
654070,2,3,110,2
654084,2,5,110,5
654089,2,5,110,1
654100,2,6,110,4
654108,2,6,110,4
654113,2,6,110,8
654115,2,6,110,4
654141,2,8,110,1
654153,2,8,110,2
657660,3,1,110,2
657667,3,1,110,3
657687,3,2,110,2
657693,3,2,110,2
657697,3,2,110,4
657706,3,2,110,3
657710,3,2,110,1
657720,3,3,110,1
657763,3,7,110,2
657765,3,7,110,3
657779,3,8,110,5
657788,3,9,110,2
664894,4,1,110,3
664905,4,1,110,2
664914,4,2,110,9
664919,4,2,110,7
664921,4,2,110,2
664925,4,2,110,2
664938,4,3,110,3
664950,4,3,110,2
664965,4,4,110,6
664990,4,5,110,4
665000,4,6,110,1
665015,4,7,110,3
673090,5,2,110,3
673094,5,2,110,4
673103,5,2,110,4
673113,5,3,110,4
673120,5,3,110,2
673132,5,4,110,2
673134,5,4,110,3
673143,5,4,110,4
673152,5,4,110,2
673167,5,5,110,3
673173,5,5,110,3
673187,5,6,110,4
673203,5,8,110,4
673224,5,10,110,2
673251,5,12,110,1
675989,6,1,110,4
676001,6,2,110,4
676008,6,2,110,2
676017,6,3,110,2
676045,6,6,110,4
676050,6,6,110,1
676128,6,13,110,2
676136,6,13,110,4
676143,6,13,110,3
676154,6,14,110,2
648677,7,1,110,2
648688,7,1,110,3
648692,7,1,110,2
648708,7,2,110,4
648754,7,4,110,2
648760,7,4,110,1
648767,7,5,110,3
677290,8,2,110,4
677297,8,3,110,3
677307,8,3,110,5
677327,8,5,110,4
677338,8,5,110,2
677355,8,6,110,3
677376,8,7,110,1
677396,8,8,110,5
677398,8,8,110,3
677404,8,8,110,2
677419,8,9,110,2
677428,8,10,110,2
677452,8,13,110,2
677464,8,14,110,3
678499,9,2,110,3
678508,9,3,110,3
678515,9,3,110,2
678543,9,6,110,2
678573,9,8,110,4
678586,9,9,110,2
649103,10,1,110,3
649113,10,1,110,3
649130,10,3,110,3
649159,10,6,110,4
649166,11,1,110,3
649186,11,2,110,3
649199,11,3,110,3
649215,11,4,110,4
649227,11,4,110,2
649232,11,5,110,2
649250,11,7,110,2
678896,12,1,110,2
678912,12,3,110,4
678939,12,6,110,3
649311,13,1,110,3
649322,13,2,110,3
649349,13,5,110,2
649362,13,6,110,2
649430,14,2,110,3
652483,1,5,112,1
652489,1,5,112,1
652493,1,5,112,1
652508,1,6,112,1
652514,1,6,112,2
654037,2,1,112,2
654050,2,2,112,8
654054,2,2,112,3
654070,2,3,112,2
654084,2,5,112,5
654089,2,5,112,1
654100,2,6,112,4
654108,2,6,112,4
654113,2,6,112,8
654115,2,6,112,4
654141,2,8,112,1
654153,2,8,112,2
657660,3,1,112,2
657667,3,1,112,3
657687,3,2,112,2
657693,3,2,112,2
657697,3,2,112,4
657706,3,2,112,3
657710,3,2,112,1
657720,3,3,112,1
657763,3,7,112,2
657765,3,7,112,3
657779,3,8,112,5
657788,3,9,112,2
664894,4,1,112,3
664905,4,1,112,2
664914,4,2,112,9
664919,4,2,112,7
664921,4,2,112,2
664925,4,2,112,2
664938,4,3,112,3
664950,4,3,112,2
664965,4,4,112,6
664990,4,5,112,4
665000,4,6,112,1
665015,4,7,112,3
673090,5,2,112,3
673094,5,2,112,4
673103,5,2,112,4
673113,5,3,112,4
673120,5,3,112,2
673132,5,4,112,2
673134,5,4,112,3
673143,5,4,112,4
673152,5,4,112,2
673167,5,5,112,3
673173,5,5,112,3
673187,5,6,112,4
673203,5,8,112,4
673224,5,10,112,2
673251,5,12,112,1
675989,6,1,112,4
676001,6,2,112,4
676008,6,2,112,2
676017,6,3,112,2
676045,6,6,112,4
676050,6,6,112,1
676128,6,13,112,2
676136,6,13,112,4
676143,6,13,112,3
676154,6,14,112,2
648677,7,1,112,2
648688,7,1,112,3
648692,7,1,112,2
648708,7,2,112,4
648754,7,4,112,2
648760,7,4,112,1
648767,7,5,112,3
677290,8,2,112,4
677297,8,3,112,3
677307,8,3,112,5
677327,8,5,112,4
677338,8,5,112,2
677355,8,6,112,3
677376,8,7,112,1
677396,8,8,112,5
677398,8,8,112,3
677404,8,8,112,2
677419,8,9,112,2
677428,8,10,112,2
677452,8,13,112,2
677464,8,14,112,3
678499,9,2,112,3
678508,9,3,112,3
678515,9,3,112,2
678543,9,6,112,2
678573,9,8,112,4
678586,9,9,112,2
649103,10,1,112,3
649113,10,1,112,3
649130,10,3,112,3
649159,10,6,112,4
649166,11,1,112,3
649186,11,2,112,3
649199,11,3,112,3
649215,11,4,112,4
649227,11,4,112,2
649232,11,5,112,2
649250,11,7,112,2
678896,12,1,112,2
678912,12,3,112,4
678939,12,6,112,3
649311,13,1,112,3
649322,13,2,112,3
649349,13,5,112,2
649362,13,6,112,2
649430,14,2,112,3
472750,1,4,136,4
472785,1,6,136,7
473002,2,1,136,7
473030,2,3,136,3
473034,2,3,136,3
473058,2,5,136,3
473062,2,5,136,3
473074,2,5,136,2
473087,2,6,136,2
473111,2,8,136,3
473120,2,9,136,2
473542,3,3,136,4
473550,3,3,136,2
473573,3,4,136,3
473596,3,5,136,3
473605,3,6,136,1
473611,3,6,136,1
473631,3,6,136,3
473648,3,7,136,5
473655,3,8,136,1
475718,4,2,136,5
475724,4,2,136,3
475739,4,3,136,9
475743,4,3,136,3
475764,4,4,136,11
475768,4,4,136,3
475775,4,5,136,4
475782,4,6,136,4
475788,4,6,136,3
475794,4,6,136,5
475801,4,7,136,2
475810,4,8,136,4
475816,4,8,136,2
475825,4,9,136,2
475829,4,9,136,4
475849,4,11,136,3
475874,5,1,136,7
475901,5,2,136,4
475907,5,2,136,4
475929,5,4,136,4
475949,5,5,136,2
475958,5,5,136,3
475988,5,6,136,1
475993,5,6,136,5
476003,5,7,136,3
476040,6,2,136,5
476050,6,3,136,8
476063,6,4,136,2
476070,6,5,136,3
476082,6,5,136,3
476089,6,5,136,1
476096,6,6,136,2
476102,6,6,136,4
476113,6,7,136,3
476139,6,9,136,2
476154,6,10,136,2
476161,6,10,136,1
476183,6,11,136,2
476185,6,11,136,3
476194,6,12,136,2
476209,6,13,136,1
476211,6,13,136,1
477085,7,1,136,3
477093,7,1,136,2
477098,7,2,136,7
477109,7,3,136,3
477120,7,4,136,3
477139,7,5,136,3
477141,7,5,136,4
477150,8,1,136,3
477156,8,1,136,4
477158,8,1,136,3
477163,8,2,136,6
477172,8,3,136,4
477180,8,3,136,4
477193,8,4,136,3
477202,8,5,136,3
476416,9,1,136,4
476439,9,2,136,3
476444,9,3,136,4
476463,9,4,136,4
476469,9,4,136,1
476477,9,4,136,10
476482,9,5,136,2
476525,9,7,136,7
476542,10,1,136,2
476547,10,1,136,1
476557,10,2,136,4
476616,10,5,136,3
476633,10,6,136,2
476637,10,6,136,2
476643,10,6,136,3
476647,10,6,136,2
476668,10,7,136,4
476677,10,8,136,3
476681,10,8,136,2
476708,11,1,136,5
476710,11,1,136,2
476723,11,2,136,4
476729,11,2,136,2
476744,11,3,136,1
476759,11,4,136,3
476770,11,5,136,3
476774,11,5,136,1
476783,11,6,136,6
476785,11,6,136,2
476800,11,7,136,4
476806,11,7,136,3
476808,11,7,136,1
476829,11,8,136,4
476833,11,8,136,3
476839,11,8,136,2
476854,11,9,136,4
476862,11,9,136,3
476877,11,10,136,4
476879,11,10,136,1
476886,11,10,136,2
476899,11,11,136,7
479184,12,1,136,2
479204,12,3,136,3
479212,12,3,136,3
479224,12,4,136,3
479235,12,6,136,3
479240,12,7,136,4
479245,12,8,136,4
479251,12,9,136,3
476917,13,1,136,3
476919,13,1,136,2
476929,13,1,136,5
476938,13,2,136,2
476957,13,2,136,2
477032,13,8,136,2
477040,13,8,136,3
477063,13,10,136,2
477068,13,10,136,7
477075,13,11,136,2
479926,14,4,136,5
479960,14,6,136,3
479979,14,7,136,5
480208,15,1,136,2
480220,15,1,136,2
480246,15,2,136,4
480308,15,5,136,5
480317,15,6,136,2
480326,15,7,136,2
480339,15,8,136,3
480353,15,9,136,4
480366,15,10,136,2
59897,1,1,145,3
59331,2,2,145,10
59344,2,3,145,7
59355,2,4,145,8
59371,2,4,145,2
59378,2,5,145,5
59386,2,5,145,5
59399,2,6,145,7
59416,2,7,145,5
59435,2,8,145,3
62325,3,2,145,6
62357,3,4,145,2
62388,3,5,145,7
48746,4,2,145,3
48757,4,2,145,3
48767,4,3,145,4
48782,4,4,145,4
48810,4,6,145,6
49033,5,1,145,5
49044,5,2,145,3
49113,5,7,145,7
49744,6,1,145,6
49748,6,2,145,6
49763,6,2,145,5
49795,6,4,145,5
49842,7,1,145,6
49881,8,1,145,4
49900,8,2,145,5
70010,8,3,145,4
50089,9,1,145,4
50102,9,2,145,3
50110,9,2,145,4
50479,10,2,145,3
50488,10,3,145,4
50509,10,4,145,5
50517,10,5,145,2
50538,10,6,145,8
50573,10,9,145,3
50994,14,3,145,4
51022,14,4,145,4
652117,1,5,150,1
652123,1,5,150,1
652127,1,5,150,1
652142,1,6,150,1
652148,1,6,150,2
645008,2,1,150,2
645021,2,2,150,8
645025,2,2,150,3
645041,2,3,150,2
645055,2,5,150,5
645060,2,5,150,1
645071,2,6,150,4
645079,2,6,150,4
645084,2,6,150,10
645086,2,6,150,2
645112,2,8,150,1
645124,2,8,150,2
657804,3,1,150,2
657811,3,1,150,3
657831,3,2,150,2
657837,3,2,150,2
657841,3,2,150,4
657850,3,2,150,3
657854,3,2,150,1
657864,3,3,150,1
657911,3,7,150,2
657913,3,7,150,3
657927,3,8,150,5
657936,3,9,150,2
664477,4,1,150,3
664488,4,1,150,2
664497,4,2,150,9
664502,4,2,150,7
664504,4,2,150,2
664508,4,2,150,2
664521,4,3,150,3
664533,4,3,150,2
664548,4,4,150,6
664573,4,5,150,4
664583,4,6,150,1
664598,4,7,150,3
673269,5,2,150,3
673273,5,2,150,4
673282,5,2,150,4
673292,5,3,150,4
673299,5,3,150,2
673311,5,4,150,2
673313,5,4,150,3
673322,5,4,150,4
673331,5,4,150,2
673348,5,5,150,3
673354,5,5,150,3
673368,5,6,150,4
673384,5,8,150,4
673405,5,10,150,2
673432,5,12,150,1
677069,6,1,150,4
677081,6,2,150,4
677088,6,2,150,2
677097,6,3,150,2
677125,6,6,150,4
677130,6,6,150,1
677208,6,13,150,2
677216,6,13,150,4
677223,6,13,150,3
677234,6,14,150,2
645795,7,1,150,2
645806,7,1,150,3
645810,7,1,150,2
645826,7,2,150,4
645872,7,4,150,2
645878,7,4,150,1
645885,7,5,150,3
646011,8,2,150,4
646020,8,3,150,3
646030,8,3,150,5
646050,8,5,150,4
646061,8,5,150,2
646078,8,6,150,3
646099,8,7,150,1
646119,8,8,150,5
646121,8,8,150,3
646127,8,8,150,2
646142,8,9,150,2
646151,8,10,150,2
646175,8,13,150,2
646185,8,14,150,3
678610,9,2,150,3
678619,9,3,150,3
678626,9,3,150,2
678654,9,6,150,2
678684,9,8,150,4
678697,9,9,150,2
646317,10,1,150,3
646327,10,1,150,3
646344,10,3,150,3
646373,10,6,150,4
646380,11,1,150,3
646400,11,2,150,3
646413,11,3,150,3
646427,11,4,150,4
646443,11,4,150,2
646448,11,5,150,2
646466,11,7,150,2
678831,12,1,150,2
678847,12,3,150,4
678858,12,4,150,5
678883,12,7,150,3
646536,13,1,150,3
646547,13,2,150,3
646574,13,5,150,2
646587,13,6,150,2
647081,14,2,150,3
631707,1,3,151,2
631713,1,3,151,1
631717,1,3,151,2
631743,1,4,151,1
631845,1,11,151,2
631991,2,1,151,4
632011,2,2,151,8
632015,2,2,151,3
632017,2,2,151,4
632043,2,4,151,5
632051,2,4,151,4
632055,2,4,151,8
632063,2,4,151,4
632082,2,5,151,3
632086,2,5,151,5
632118,2,8,151,5
632129,2,9,151,4
632131,2,9,151,2
632144,2,10,151,4
632149,2,11,151,1
632160,2,11,151,1
632174,2,12,151,3
632176,2,12,151,1
632180,2,12,151,3
632187,2,12,151,3
632214,2,15,151,3
632225,2,16,151,2
632405,3,1,151,5
632407,3,1,151,3
632411,3,1,151,2
632415,3,1,151,3
632424,3,2,151,9
632429,3,2,151,2
632450,3,3,151,3
632452,3,3,151,1
632456,3,3,151,4
632458,3,3,151,5
632466,3,3,151,2
632481,3,4,151,6
632502,3,5,151,3
632511,3,5,151,5
632522,3,6,151,2
632535,3,7,151,1
632548,3,8,151,5
632552,3,8,151,7
632569,3,9,151,4
632589,3,11,151,5
632610,4,2,151,3
632614,4,2,151,5
632620,4,2,151,5
632632,4,3,151,4
632636,4,3,151,4
632647,4,4,151,3
632656,4,4,151,4
632665,4,4,151,2
632676,4,5,151,5
632702,4,6,151,2
632704,4,6,151,2
632729,4,8,151,2
632755,4,10,151,4
632778,5,1,151,6
632818,5,2,151,4
632834,5,4,151,2
632840,5,4,151,3
632929,5,7,151,6
632947,5,8,151,3
632970,5,9,151,1
633020,5,12,151,4
633031,5,13,151,2
633054,5,15,151,7
633064,5,15,151,7
633071,5,16,151,7
633076,6,1,151,5
633088,6,2,151,4
633095,6,2,151,2
633138,6,5,151,3
633142,6,5,151,3
633189,6,9,151,2
633207,6,10,151,3
633260,6,15,151,3
633270,6,15,151,3
633640,7,2,151,4
633646,7,2,151,11
633691,7,7,151,1
633715,7,9,151,2
633724,7,10,151,3
633748,7,12,151,6
633932,8,1,151,4
633936,8,1,151,3
633950,8,2,151,4
633967,8,3,151,4
633980,8,4,151,4
634020,8,9,151,3
634042,8,11,151,2
634087,9,4,151,4
634113,9,6,151,2
634116,9,7,151,3
634127,10,1,151,2
634179,11,2,151,3
634192,11,3,151,2
632795,14,1,151,5
632865,14,2,151,3
632905,14,3,151,2
633592,14,6,151,7
633604,14,7,151,2
633606,14,7,151,2
633611,14,8,151,3
633307,14,11,151,3
631707,1,3,160,2
631713,1,3,160,1
631717,1,3,160,2
631743,1,4,160,1
631845,1,11,160,2
631991,2,1,160,4
632011,2,2,160,8
632015,2,2,160,3
632017,2,2,160,4
632043,2,4,160,5
632051,2,4,160,4
632055,2,4,160,8
632063,2,4,160,4
632082,2,5,160,3
632086,2,5,160,5
632118,2,8,160,5
632129,2,9,160,4
632131,2,9,160,2
632144,2,10,160,4
632149,2,11,160,1
632160,2,11,160,1
632174,2,12,160,3
632176,2,12,160,1
632180,2,12,160,3
632187,2,12,160,3
632214,2,15,160,3
632225,2,16,160,2
632405,3,1,160,5
632407,3,1,160,3
632411,3,1,160,2
632415,3,1,160,3
632424,3,2,160,9
632429,3,2,160,2
632450,3,3,160,3
632452,3,3,160,1
632456,3,3,160,4
632458,3,3,160,5
632466,3,3,160,2
632481,3,4,160,6
632502,3,5,160,3
632511,3,5,160,5
632522,3,6,160,2
632535,3,7,160,1
632548,3,8,160,5
632552,3,8,160,7
632569,3,9,160,4
632589,3,11,160,5
632610,4,2,160,3
632614,4,2,160,5
632620,4,2,160,5
632632,4,3,160,4
632636,4,3,160,4
632647,4,4,160,3
632656,4,4,160,4
632665,4,4,160,2
632676,4,5,160,5
632702,4,6,160,2
632704,4,6,160,2
632729,4,8,160,2
632755,4,10,160,4
632778,5,1,160,6
632818,5,2,160,4
632834,5,4,160,2
632840,5,4,160,3
632929,5,7,160,6
632947,5,8,160,3
632970,5,9,160,1
633020,5,12,160,4
633031,5,13,160,2
633054,5,15,160,7
633064,5,15,160,7
633071,5,16,160,7
633076,6,1,160,5
633088,6,2,160,4
633095,6,2,160,2
633138,6,5,160,3
633142,6,5,160,3
633189,6,9,160,2
633207,6,10,160,3
633260,6,15,160,3
633270,6,15,160,3
633640,7,2,160,4
633646,7,2,160,11
633691,7,7,160,1
633715,7,9,160,2
633724,7,10,160,3
633748,7,12,160,6
633932,8,1,160,4
633936,8,1,160,3
633950,8,2,160,4
633967,8,3,160,4
633980,8,4,160,4
634020,8,9,160,3
634042,8,11,160,2
634087,9,4,160,4
634113,9,6,160,2
634116,9,7,160,3
634127,10,1,160,2
634179,11,2,160,3
634192,11,3,160,2
632795,14,1,160,5
632865,14,2,160,3
632905,14,3,160,2
633592,14,6,160,7
633604,14,7,160,2
633606,14,7,160,2
633611,14,8,160,3
633307,14,11,160,3
631707,1,3,171,2
631713,1,3,171,1
631717,1,3,171,2
631743,1,4,171,1
631845,1,11,171,2
631991,2,1,171,4
632011,2,2,171,8
632015,2,2,171,3
632017,2,2,171,4
632043,2,4,171,5
632051,2,4,171,4
632055,2,4,171,8
632063,2,4,171,4
632082,2,5,171,3
632086,2,5,171,5
632118,2,8,171,5
632129,2,9,171,4
632131,2,9,171,2
632144,2,10,171,4
632149,2,11,171,1
632160,2,11,171,1
632174,2,12,171,3
632176,2,12,171,1
632180,2,12,171,3
632187,2,12,171,3
632214,2,15,171,3
632225,2,16,171,2
632405,3,1,171,5
632407,3,1,171,3
632411,3,1,171,2
632415,3,1,171,3
632424,3,2,171,9
632429,3,2,171,2
632450,3,3,171,3
632452,3,3,171,1
632456,3,3,171,4
632458,3,3,171,5
632466,3,3,171,2
632481,3,4,171,6
632502,3,5,171,3
632511,3,5,171,5
632522,3,6,171,2
632535,3,7,171,1
632548,3,8,171,5
632552,3,8,171,7
632569,3,9,171,4
632589,3,11,171,5
632610,4,2,171,3
632614,4,2,171,5
632620,4,2,171,5
632632,4,3,171,4
632636,4,3,171,4
632647,4,4,171,3
632656,4,4,171,4
632665,4,4,171,2
632676,4,5,171,5
632702,4,6,171,2
632704,4,6,171,2
632729,4,8,171,2
632755,4,10,171,4
632778,5,1,171,6
632795,5,2,171,5
632818,5,3,171,4
632834,5,5,171,2
632840,5,5,171,3
632865,5,6,171,3
632905,5,8,171,2
632929,5,10,171,6
632947,5,11,171,3
632970,5,12,171,1
633020,5,17,171,4
633031,5,18,171,2
633054,5,20,171,7
633064,5,20,171,7
633071,5,21,171,7
633076,6,1,171,5
633088,6,2,171,4
633095,6,2,171,2
633138,6,5,171,3
633142,6,5,171,3
633189,6,9,171,2
633207,6,10,171,3
633260,6,15,171,3
633270,6,15,171,3
633307,6,20,171,3
633592,7,1,171,7
633604,7,2,171,2
633606,7,2,171,2
633611,7,3,171,3
633640,7,6,171,4
633646,7,6,171,11
633691,7,11,171,1
633715,7,13,171,2
633724,7,14,171,3
633748,7,16,171,6
633932,8,1,171,4
633936,8,1,171,3
633950,8,2,171,4
633967,8,3,171,4
633980,8,4,171,4
634020,8,9,171,3
634042,8,11,171,2
634087,9,4,171,4
634113,9,6,171,2
634116,9,7,171,3
634127,10,1,171,2
634179,11,2,171,3
634192,11,3,171,2
472750,14,2,171,4
472785,14,5,171,7
473002,15,1,171,7
473030,15,3,171,3
473034,15,3,171,3
473058,15,5,171,3
473062,15,5,171,3
473074,15,5,171,2
473087,15,6,171,2
473111,15,8,171,3
473120,15,9,171,2
473542,16,3,171,4
473550,16,3,171,2
473573,16,4,171,3
473596,16,5,171,3
473605,16,6,171,1
473611,16,6,171,1
473631,16,6,171,3
473648,16,7,171,5
473655,16,8,171,1
475718,17,2,171,5
475724,17,2,171,3
475739,17,3,171,9
475743,17,3,171,3
475764,17,4,171,11
475768,17,4,171,3
475775,17,5,171,4
475782,17,6,171,4
475788,17,6,171,3
475794,17,6,171,5
475801,17,7,171,2
475810,17,8,171,4
475816,17,8,171,2
475825,17,9,171,2
475829,17,9,171,4
475849,17,11,171,3
475874,18,1,171,7
475901,18,2,171,4
475907,18,2,171,4
475929,18,4,171,4
475949,18,5,171,2
475958,18,5,171,3
475988,18,6,171,1
475993,18,6,171,5
476003,18,7,171,3
476040,19,2,171,5
476050,19,3,171,8
476063,19,4,171,2
476070,19,5,171,3
476082,19,5,171,3
476089,19,5,171,1
476096,19,6,171,2
476102,19,6,171,4
476113,19,7,171,3
476139,19,9,171,2
476154,19,10,171,2
476161,19,10,171,1
476183,19,11,171,2
476185,19,11,171,3
476194,19,12,171,2
476209,19,13,171,1
476211,19,13,171,1
477085,20,1,171,3
477093,20,1,171,2
477098,20,2,171,7
477109,20,3,171,3
477120,20,4,171,3
477139,20,5,171,3
477141,20,5,171,4
477150,21,1,171,3
477156,21,1,171,4
477158,21,1,171,3
477163,21,2,171,6
477172,21,3,171,4
477180,21,3,171,4
477193,21,4,171,3
477202,21,5,171,3
476416,22,1,171,4
476439,22,2,171,3
476444,22,3,171,4
476463,22,4,171,4
476469,22,4,171,1
476477,22,4,171,10
476482,22,5,171,2
476525,22,7,171,7
476542,23,1,171,2
476547,23,1,171,1
476557,23,2,171,4
476616,23,5,171,3
476633,23,6,171,2
476637,23,6,171,2
476643,23,6,171,3
476647,23,6,171,2
476668,23,7,171,4
476677,23,8,171,3
476681,23,8,171,2
476708,24,1,171,5
476710,24,1,171,2
476723,24,2,171,4
476729,24,2,171,2
476744,24,3,171,1
476759,24,4,171,3
476770,24,5,171,3
476774,24,5,171,1
476783,24,6,171,6
476785,24,6,171,2
476800,24,7,171,4
476806,24,7,171,3
476808,24,7,171,1
476829,24,8,171,4
476833,24,8,171,3
476839,24,8,171,2
476854,24,9,171,4
476862,24,9,171,3
476877,24,10,171,4
476879,24,10,171,1
476886,24,10,171,2
476899,24,11,171,7
479184,25,1,171,2
479204,25,3,171,3
479212,25,3,171,3
479224,25,4,171,3
479235,25,6,171,3
479240,25,7,171,4
479245,25,8,171,4
479251,25,9,171,3
476917,26,1,171,3
476919,26,1,171,2
476929,26,1,171,5
476938,26,2,171,2
476957,26,2,171,2
477032,26,8,171,2
477040,26,8,171,3
477063,26,10,171,2
477068,26,10,171,7
477075,26,11,171,2
479926,27,4,171,5
479960,27,6,171,3
479979,27,7,171,5
480208,28,1,171,2
480220,28,1,171,2
480246,28,2,171,4
480308,28,5,171,5
480317,28,6,171,2
480326,28,7,171,2
480339,28,8,171,3
480353,28,9,171,4
480366,28,10,171,2
652483,1,5,173,1
652489,1,5,173,1
652493,1,5,173,1
652508,1,6,173,1
652514,1,6,173,2
654037,2,1,173,2
654050,2,2,173,8
654054,2,2,173,3
654070,2,3,173,2
654084,2,5,173,5
654089,2,5,173,1
654100,2,6,173,4
654108,2,6,173,4
654113,2,6,173,8
654115,2,6,173,4
654141,2,8,173,1
654153,2,8,173,2
657660,3,1,173,2
657667,3,1,173,3
657687,3,2,173,2
657693,3,2,173,2
657697,3,2,173,4
657706,3,2,173,3
657710,3,2,173,1
657720,3,3,173,1
657763,3,7,173,2
657765,3,7,173,3
657779,3,8,173,5
657788,3,9,173,2
664894,4,1,173,3
664905,4,1,173,2
664914,4,2,173,9
664919,4,2,173,7
664921,4,2,173,2
664925,4,2,173,2
664938,4,3,173,3
664950,4,3,173,2
664965,4,4,173,6
664990,4,5,173,4
665000,4,6,173,1
665015,4,7,173,3
673090,5,2,173,3
673094,5,2,173,4
673103,5,2,173,4
673113,5,3,173,4
673120,5,3,173,2
673132,5,4,173,2
673134,5,4,173,3
673143,5,4,173,4
673152,5,4,173,2
673167,5,5,173,3
673173,5,5,173,3
673187,5,6,173,4
673203,5,8,173,4
673224,5,10,173,2
673251,5,12,173,1
675989,6,1,173,4
676001,6,2,173,4
676008,6,2,173,2
676017,6,3,173,2
676045,6,6,173,4
676050,6,6,173,1
676128,6,13,173,2
676136,6,13,173,4
676143,6,13,173,3
676154,6,14,173,2
648677,7,1,173,2
648688,7,1,173,3
648692,7,1,173,2
648708,7,2,173,4
648754,7,4,173,2
648760,7,4,173,1
648767,7,5,173,3
678499,8,2,173,3
678508,8,3,173,3
678515,8,3,173,2
678543,8,6,173,2
678573,8,8,173,4
678586,8,9,173,2
649103,9,1,173,3
649113,9,1,173,3
649130,9,3,173,3
649159,9,6,173,4
649166,10,1,173,3
649186,10,2,173,3
649199,10,3,173,3
649215,10,4,173,4
649227,10,4,173,2
649232,10,5,173,2
649250,10,7,173,2
649430,11,2,173,3
677290,12,2,173,4
677297,12,3,173,3
677307,12,3,173,5
677327,12,5,173,4
677338,12,5,173,2
677355,12,6,173,3
677376,12,7,173,1
677396,12,8,173,5
677398,12,8,173,3
677404,12,8,173,2
677419,12,9,173,2
677428,12,10,173,2
677452,12,13,173,2
677464,12,14,173,3
678896,13,1,173,2
678912,13,3,173,4
678939,13,6,173,3
649311,14,1,173,3
649322,14,2,173,3
649349,14,5,173,2
649362,14,6,173,2
652483,1,5,191,1
652489,1,5,191,1
652493,1,5,191,1
652508,1,6,191,1
652514,1,6,191,2
654037,2,1,191,2
654050,2,2,191,8
654054,2,2,191,3
654070,2,3,191,2
654084,2,5,191,5
654089,2,5,191,1
654100,2,6,191,4
654108,2,6,191,4
654113,2,6,191,8
654115,2,6,191,4
654141,2,8,191,1
654153,2,8,191,2
657660,3,1,191,2
657667,3,1,191,3
657687,3,2,191,2
657693,3,2,191,2
657697,3,2,191,4
657706,3,2,191,3
657710,3,2,191,1
657720,3,3,191,1
657763,3,7,191,2
657765,3,7,191,3
657779,3,8,191,5
657788,3,9,191,2
664894,4,1,191,3
664905,4,1,191,2
664914,4,2,191,9
664919,4,2,191,7
664921,4,2,191,2
664925,4,2,191,2
664938,4,3,191,3
664950,4,3,191,2
664965,4,4,191,6
664990,4,5,191,4
665000,4,6,191,1
665015,4,7,191,3
673090,5,2,191,3
673094,5,2,191,4
673103,5,2,191,4
673113,5,3,191,4
673120,5,3,191,2
673132,5,4,191,2
673134,5,4,191,3
673143,5,4,191,4
673152,5,4,191,2
673167,5,5,191,3
673173,5,5,191,3
673187,5,6,191,4
673203,5,8,191,4
673224,5,10,191,2
673251,5,12,191,1
675989,6,1,191,4
676001,6,2,191,4
676008,6,2,191,2
676017,6,3,191,2
676045,6,6,191,4
676050,6,6,191,1
676128,6,13,191,2
676136,6,13,191,4
676143,6,13,191,3
676154,6,14,191,2
648677,7,1,191,2
648688,7,1,191,3
648692,7,1,191,2
648708,7,2,191,4
648754,7,4,191,2
648760,7,4,191,1
648767,7,5,191,3
677290,8,2,191,4
677297,8,3,191,3
677307,8,3,191,5
677327,8,5,191,4
677338,8,5,191,2
677355,8,6,191,3
677376,8,7,191,1
677396,8,8,191,5
677398,8,8,191,3
677404,8,8,191,2
677419,8,9,191,2
677428,8,10,191,2
677452,8,13,191,2
677464,8,14,191,3
678499,9,2,191,3
678508,9,3,191,3
678515,9,3,191,2
678543,9,6,191,2
678573,9,8,191,4
678586,9,9,191,2
649103,10,1,191,3
649113,10,1,191,3
649130,10,3,191,3
649159,10,6,191,4
649166,11,1,191,3
649186,11,2,191,3
649199,11,3,191,3
649215,11,4,191,4
649227,11,4,191,2
649232,11,5,191,2
649250,11,7,191,2
678896,12,1,191,2
678912,12,3,191,4
678939,12,6,191,3
649311,13,1,191,3
649322,13,2,191,3
649349,13,5,191,2
649362,13,6,191,2
649430,14,2,191,3
631707,1,3,197,2
631713,1,3,197,1
631717,1,3,197,2
631743,1,4,197,1
631845,1,11,197,2
631991,2,1,197,4
632011,2,2,197,8
632015,2,2,197,3
632017,2,2,197,4
632043,2,4,197,5
632051,2,4,197,4
632055,2,4,197,8
632063,2,4,197,4
632082,2,5,197,3
632086,2,5,197,5
632118,2,8,197,5
632129,2,9,197,4
632131,2,9,197,2
632144,2,10,197,4
632149,2,11,197,1
632160,2,11,197,1
632174,2,12,197,3
632176,2,12,197,1
632180,2,12,197,3
632187,2,12,197,3
632214,2,15,197,3
632225,2,16,197,2
632405,3,1,197,5
632407,3,1,197,3
632411,3,1,197,2
632415,3,1,197,3
632424,3,2,197,9
632429,3,2,197,2
632450,3,3,197,3
632452,3,3,197,1
632456,3,3,197,4
632458,3,3,197,5
632466,3,3,197,2
632481,3,4,197,6
632502,3,5,197,3
632511,3,5,197,5
632522,3,6,197,2
632535,3,7,197,1
632548,3,8,197,5
632552,3,8,197,7
632569,3,9,197,4
632589,3,11,197,5
632610,4,2,197,3
632614,4,2,197,5
632620,4,2,197,5
632632,4,3,197,4
632636,4,3,197,4
632647,4,4,197,3
632656,4,4,197,4
632665,4,4,197,2
632676,4,5,197,5
632702,4,6,197,2
632704,4,6,197,2
632729,4,8,197,2
632755,4,10,197,4
632778,5,1,197,6
632818,5,2,197,4
632834,5,4,197,2
632840,5,4,197,3
632929,5,7,197,6
632947,5,8,197,3
632970,5,9,197,1
633020,5,12,197,4
633031,5,13,197,2
633054,5,15,197,7
633064,5,15,197,7
633071,5,16,197,7
633076,6,1,197,5
633088,6,2,197,4
633095,6,2,197,2
633138,6,5,197,3
633142,6,5,197,3
633189,6,9,197,2
633207,6,10,197,3
633260,6,15,197,3
633270,6,15,197,3
633640,7,2,197,4
633646,7,2,197,11
633691,7,7,197,1
633715,7,9,197,2
633724,7,10,197,3
633748,7,12,197,6
633932,8,1,197,4
633936,8,1,197,3
633950,8,2,197,4
633967,8,3,197,4
633980,8,4,197,4
634020,8,9,197,3
634042,8,11,197,2
634087,9,4,197,4
634113,9,6,197,2
634116,9,7,197,3
634127,10,1,197,2
634179,11,2,197,3
634192,11,3,197,2
632795,14,1,197,5
632865,14,2,197,3
632905,14,3,197,2
633592,14,6,197,7
633604,14,7,197,2
633606,14,7,197,2
633611,14,8,197,3
633307,14,11,197,3
17205,1,2,198,2
21071,2,3,198,2
20944,3,1,198,4
20958,3,2,198,3
20969,3,3,198,4
20974,3,4,198,2
20980,3,4,198,3
20988,3,4,198,2
20998,3,4,198,4
25603,5,1,198,4
25620,5,2,198,3
25627,5,2,198,5
24094,6,1,198,3
24100,6,1,198,3
24106,6,1,198,2
42868,6,2,198,3
24181,6,4,198,2
24195,6,4,198,2
24222,6,5,198,3
23679,7,1,198,3
23683,7,1,198,2
23706,7,2,198,2
24260,8,1,198,5
24264,8,1,198,3
24284,8,1,198,1
24328,8,3,198,5
24335,8,3,198,4
24353,8,4,198,3
24362,8,4,198,3
24383,8,4,198,4
24396,8,5,198,3
24411,8,6,198,5
20506,9,2,198,3
20514,9,2,198,4
20521,9,3,198,3
20535,9,3,198,3
20603,9,6,198,2
22701,10,1,198,2
22710,10,1,198,1
22721,10,2,198,3
22729,10,2,198,2
22735,10,2,198,1
22739,10,2,198,2
22775,10,4,198,2
22793,10,4,198,3
22543,11,1,198,1
22581,11,3,198,3
22635,11,6,198,3
22641,11,6,198,5
22650,11,7,198,2
22658,11,7,198,2
22678,11,8,198,1
24592,12,1,198,6
24705,12,3,198,5
24722,12,4,198,3
24737,12,4,198,2
24743,12,4,198,2
24747,12,4,198,3
24774,12,5,198,4
24789,12,5,198,3
22985,13,1,198,3
22996,13,1,198,5
23008,13,2,198,3
23020,13,2,198,2
23035,13,3,198,6
23043,13,3,198,3
23093,13,5,198,4
23108,13,6,198,2
17205,1,2,218,2
21071,2,3,218,2
20944,3,1,218,4
20958,3,2,218,3
20969,3,3,218,4
20974,3,4,218,2
20980,3,4,218,3
20988,3,4,218,2
20998,3,4,218,4
25603,5,1,218,4
25620,5,2,218,3
25627,5,2,218,5
24094,6,1,218,3
24100,6,1,218,3
24106,6,1,218,2
42868,6,2,218,3
24181,6,4,218,2
24195,6,4,218,2
24222,6,5,218,3
23679,7,1,218,3
23683,7,1,218,2
23706,7,2,218,2
24260,8,1,218,5
24264,8,1,218,3
24284,8,1,218,1
24328,8,3,218,5
24335,8,3,218,4
24353,8,4,218,3
24362,8,4,218,3
24383,8,4,218,4
24396,8,5,218,3
24411,8,6,218,5
20506,9,2,218,3
20514,9,2,218,4
20521,9,3,218,3
20535,9,3,218,3
20603,9,6,218,2
22701,10,1,218,2
22710,10,1,218,1
22721,10,2,218,3
22729,10,2,218,2
22735,10,2,218,1
22739,10,2,218,2
22775,10,4,218,2
22793,10,4,218,3
22543,11,1,218,1
22581,11,3,218,3
22635,11,6,218,3
22641,11,6,218,5
22650,11,7,218,2
22658,11,7,218,2
22678,11,8,218,1
24592,12,1,218,6
24705,12,3,218,5
24722,12,4,218,3
24737,12,4,218,2
24743,12,4,218,2
24747,12,4,218,3
24774,12,5,218,4
24789,12,5,218,3
22985,13,1,218,3
22996,13,1,218,5
23008,13,2,218,3
23020,13,2,218,2
23035,13,3,218,6
23043,13,3,218,3
23093,13,5,218,4
23108,13,6,218,2
652483,1,5,225,1
652489,1,5,225,1
652493,1,5,225,1
652508,1,6,225,1
652514,1,6,225,2
654037,2,1,225,2
654050,2,2,225,8
654054,2,2,225,3
654070,2,3,225,2
654100,2,5,225,4
654108,2,5,225,4
654113,2,5,225,8
654115,2,5,225,4
654084,2,6,225,5
657660,2,7,225,2
657667,2,7,225,3
657687,2,8,225,2
657693,2,8,225,2
657697,2,8,225,4
657706,2,8,225,3
657710,2,8,225,1
657720,2,9,225,1
677290,2,10,225,4
657763,2,13,225,2
657765,2,13,225,3
648767,2,14,225,3
657779,2,15,225,5
675989,3,1,225,4
676001,3,2,225,4
676008,3,2,225,2
676017,3,3,225,2
664894,3,10,225,3
664905,3,10,225,2
664914,3,11,225,9
664919,3,11,225,7
664921,3,11,225,2
664925,3,11,225,2
664965,3,12,225,6
664990,3,13,225,4
673167,3,15,225,3
673173,3,15,225,3
673187,3,16,225,4
648677,4,1,225,2
648688,4,1,225,3
648692,4,1,225,2
648754,4,3,225,2
648760,4,3,225,1
649166,4,4,225,3
649186,4,5,225,3
649199,4,6,225,3
664938,5,1,225,3
664950,5,1,225,2
676045,5,2,225,4
665015,5,3,225,3
673090,5,5,225,3
673094,5,5,225,4
673103,5,5,225,4
673134,5,6,225,3
673143,5,6,225,4
673152,5,6,225,2
673224,5,8,225,2
673203,5,9,225,4
677327,5,10,225,4
677338,5,10,225,2
677297,5,12,225,3
677307,5,12,225,5
677355,6,2,225,3
677419,6,3,225,2
677428,6,4,225,2
677452,6,6,225,2
677464,6,7,225,3
654141,7,1,225,1
654153,7,1,225,2
649215,7,2,225,4
649227,7,2,225,2
649232,7,3,225,2
649250,7,5,225,2
948692,1,1,237,4
948702,1,2,237,5
948720,1,4,237,7
948749,1,5,237,7
948756,1,6,237,7
948817,1,11,237,7
948831,1,12,237,5
948833,1,12,237,4
948846,1,13,237,3
948867,1,14,237,3
948897,2,1,237,6
948899,2,1,237,5
948909,2,2,237,6
948918,2,2,237,3
948926,2,3,237,7
948933,2,3,237,4
948936,2,3,237,5
948957,2,4,237,7
948998,2,6,237,3
949014,2,7,237,3
949022,2,7,237,5
949027,2,8,237,5
949031,2,8,237,4
949035,2,8,237,6
949039,2,8,237,3
949076,3,3,237,2
949084,3,4,237,6
957842,3,7,237,4
949140,3,8,237,5
949167,3,10,237,6
949170,3,10,237,4
949196,4,1,237,4
949212,4,1,237,3
949222,4,2,237,9
949224,4,2,237,5
949269,4,6,237,4
1059245,5,1,237,6
1059252,5,1,237,4
1059267,5,2,237,4
1059288,5,5,237,1
1059329,5,7,237,5
1040639,6,1,237,5
1040578,6,2,237,4
1040585,6,3,237,4
1040600,6,4,237,3
1040603,6,4,237,5
1040609,6,5,237,4
1040613,6,5,237,4
631845,1,3,239,2
631707,1,5,239,2
631713,1,5,239,1
631717,1,5,239,2
631743,1,6,239,1
631991,2,1,239,4
632011,2,2,239,8
632015,2,2,239,3
632017,2,2,239,4
632043,2,4,239,5
632051,2,4,239,4
632055,2,4,239,8
632063,2,4,239,4
632149,2,5,239,1
632160,2,5,239,1
632174,2,6,239,3
632176,2,6,239,1
632180,2,6,239,3
632187,2,6,239,3
632082,2,7,239,3
632086,2,7,239,5
632144,2,9,239,4
632129,2,11,239,4
632131,2,11,239,2
632118,2,12,239,5
632405,3,1,239,5
632407,3,1,239,3
632411,3,1,239,2
632415,3,1,239,3
632424,3,2,239,9
632429,3,2,239,2
632450,3,3,239,3
632452,3,3,239,1
632456,3,3,239,4
632458,3,3,239,5
632466,3,3,239,2
632481,3,4,239,6
632502,3,5,239,3
632511,3,5,239,5
632522,3,6,239,2
632535,3,7,239,1
632548,3,8,239,5
632552,3,8,239,7
632610,4,2,239,3
632614,4,2,239,5
632620,4,2,239,5
632632,4,3,239,4
632636,4,3,239,4
632647,4,4,239,3
632656,4,4,239,4
632665,4,4,239,2
632676,4,5,239,5
632702,4,6,239,2
632704,4,6,239,2
632225,4,9,239,2
633076,5,1,239,5
633088,5,2,239,4
633095,5,2,239,2
633138,5,5,239,3
633142,5,5,239,3
633189,5,9,239,2
632778,6,1,239,6
632818,6,2,239,4
632834,6,4,239,2
632840,6,4,239,3
632929,6,7,239,6
632947,6,8,239,3
633207,6,9,239,3
632589,7,1,239,5
632729,7,2,239,2
632755,7,3,239,4
632795,8,1,239,5
632865,8,4,239,3
632905,8,5,239,2
633031,8,6,239,2
62606,8,9,239,3
633020,8,10,239,4
633071,8,11,239,7
633054,8,12,239,7
633064,8,12,239,7
634087,9,3,239,4
633260,9,5,239,3
633270,9,5,239,3
634113,9,6,239,2
634116,9,7,239,3
633592,10,1,239,7
633604,10,2,239,2
633606,10,2,239,2
633611,10,3,239,3
633640,10,6,239,4
633646,10,6,239,11
633715,10,8,239,2
633724,10,11,239,3
633748,10,12,239,6
633307,10,18,239,3
633932,11,1,239,4
633936,11,1,239,3
633950,11,2,239,4
633967,11,3,239,4
634020,11,8,239,3
62626,12,1,239,4
634179,13,1,239,3
634192,13,2,239,2
634127,14,1,239,2
634042,15,2,239,2
62617,18,1,239,3
62831,19,4,239,3
62838,19,5,239,4
62845,19,6,239,2
62865,20,4,239,2
631845,1,3,240,2
631707,1,5,240,2
631713,1,5,240,1
631717,1,5,240,2
631743,1,6,240,1
631991,2,1,240,4
632011,2,2,240,8
632015,2,2,240,3
632017,2,2,240,4
632043,2,4,240,5
632051,2,4,240,4
632055,2,4,240,8
632063,2,4,240,4
632149,2,5,240,1
632160,2,5,240,1
632174,2,6,240,3
632176,2,6,240,1
632180,2,6,240,3
632187,2,6,240,3
632082,2,7,240,3
632086,2,7,240,5
632144,2,9,240,4
632129,2,11,240,4
632131,2,11,240,2
632118,2,12,240,5
632405,3,1,240,5
632407,3,1,240,3
632411,3,1,240,2
632415,3,1,240,3
632424,3,2,240,9
632429,3,2,240,2
632450,3,3,240,3
632452,3,3,240,1
632456,3,3,240,4
632458,3,3,240,5
632466,3,3,240,2
632481,3,4,240,6
632502,3,5,240,3
632511,3,5,240,5
632522,3,6,240,2
632535,3,7,240,1
632548,3,8,240,5
632552,3,8,240,7
632610,4,2,240,3
632614,4,2,240,5
632620,4,2,240,5
632632,4,3,240,4
632636,4,3,240,4
632647,4,4,240,3
632656,4,4,240,4
632665,4,4,240,2
632676,4,5,240,5
632702,4,6,240,2
632704,4,6,240,2
632225,4,9,240,2
632589,5,1,240,5
632729,5,2,240,2
632755,5,3,240,4
633076,6,1,240,5
633088,6,2,240,4
633095,6,2,240,2
633138,6,5,240,3
633142,6,5,240,3
633189,6,9,240,2
632778,7,1,240,6
632818,7,2,240,4
632834,7,4,240,2
632840,7,4,240,3
632929,7,7,240,6
632947,7,8,240,3
633207,7,9,240,3
632795,8,1,240,5
632865,8,4,240,3
632905,8,5,240,2
633031,8,6,240,2
62606,8,9,240,3
633020,8,10,240,4
633071,8,11,240,7
633054,8,12,240,7
633064,8,12,240,7
634087,9,3,240,4
633260,9,5,240,3
633270,9,5,240,3
634113,9,6,240,2
634116,9,7,240,3
633592,10,1,240,7
633604,10,2,240,2
633606,10,2,240,2
633611,10,3,240,3
633640,10,6,240,4
633646,10,6,240,11
633715,10,8,240,2
633724,10,11,240,3
633748,10,12,240,6
633307,10,18,240,3
633932,11,1,240,4
633936,11,1,240,3
633950,11,2,240,4
633967,11,3,240,4
634020,11,8,240,3
62626,12,1,240,4
634179,13,1,240,3
634192,13,2,240,2
634127,14,1,240,2
634042,15,2,240,2
62617,18,1,240,3
62831,19,4,240,3
62838,19,5,240,4
62845,19,6,240,2
62865,20,4,240,2
